Date,News
2023-01-01,Insider Claims iPhone 15 Will Be ‘Aggressively’ Priced - Forbes
2023-01-03,"Apple Watch Ultra: Brilliant Design Upgrade Leaks, But There’s A Catch - Forbes"
2023-01-10,Apple Insider Leaks $100 Price Increase For iPhone 15 Pro - Forbes
2023-01-12,"Apple AirPods Lite For $99 Coming Soon, New Leak Claims - Forbes"
2023-01-13,Apple Watch Ultra 2: New Leak Hints At Dazzling Design Upgrade - Forbes
2023-01-21,New iPhone 15 Design ‘More Android Than Ever’ Claims Leak - Forbes
2023-01-22,Apple HomePod Mini 2 Surprise Cancellation Leaks In New Report - Forbes
2023-01-31,Leaked Apple Documents Reveal New iPhone 15 Specs - Forbes
2023-02-04,New Apple Leak Adds To iPhone 15 Price Fears - Forbes
2023-02-06,Apple Insider Claims No New ‘iPhone 15 Ultra’ In 2023 - Forbes
2023-02-08,The Promising Steps Forward Planned For Future MacBooks - Forbes
2023-02-12,Latest iPhone 15 Rumor Reveals Authenticator Chip For New USB-C Port - Forbes
2023-02-12,New Apple Leak Outlines Stunning New iPhone 15 Pro Max Display - Forbes
2023-02-25,"Apple Insider Exposes iPhone 15, iPhone 15 Pro Dimensions - Forbes"
2023-02-25,Forget Apple Watch: Fitbit Could Beat Apple To Game-Changing New Feature - Forbes
2023-03-02,The Next Apple iPad Pro May Have A Huge Price Hike - Forbes
2023-03-06,Apple iPhone 14: New Leak Claims A Surprise iPhone To Land In Days - Forbes
2023-03-06,Apple Watch Series 9 Leak Claims Underwhelming Upgrade: Don’t Be Too Sure - Forbes
2023-03-08,Apple Plans Powerful Refresh Of Your iMac - Forbes
2023-03-11,iPhone 15 Pro Models Tipped To Have Upgraded Sony LiDAR Scanner - Forbes
2023-03-11,Apple HomePod 3: Insider Leaks Remarkable Smart Speaker Coming - Forbes
2023-03-20,"Apple Analyst Backs Leaks Reporting Higher iPhone 15 Pro, iPhone 15 Pro Max Prices - Forbes"
2023-03-25,Dynamic Island Redesign Tipped For All iPhone 15 Models - Forbes
2023-03-26,"New Apple AirPods Max With Design Upgrade Nearly Here, Report Claims - Forbes"
2023-04-01,Latest iPhone 15 Pro Leak Reveals Always-On Solid State Buttons - Forbes
2023-04-04,Apple Prepares New Display Technology For A Future MacBook - Forbes
2023-04-05,"AirPods Pro Could Have Breathtaking New Design, Report Claims - Forbes"
2023-04-15,New iPhone 15 Pro Leak Claims Scrapped Action Button Will Survive - Forbes
2023-04-19,Apple Exclusive Reveals Frosted Glass iPhone 15 Finish - Forbes
2023-04-22,Apple Leak Details New iPhone 15 Pro Action Button Features - Forbes
2023-04-25,Next MacBook Air Will Stick With Old Specs And Options - Forbes
2023-05-02,"Apple Watch Series 9 Could Gain Long-Awaited Feature, New Leak Claims - Forbes"
2023-05-02,Apple Leak Reveals Surprising iPhone 15 Pro USB-C Feature - Forbes
2023-05-06,Apple Warned About USB-C Ahead Of iPhone 15 Release - Forbes
2023-05-13,New Apple Leak Reveals Increased Display Sizes For 2024 iPhones - Forbes
2023-05-17,Next MacBook Air Faces Multi-Monitor Support Questions - Forbes
2023-05-19,Apple iOS 16.5 Release: Should You Upgrade? - Forbes
2023-05-19,Apple Joins A Growing List Of Companies Cracking Down On Use Of ChatGPT By Staffers—Here’s Why - Forbes
2023-05-22,Apple Leaker Warns Upgraders About Mediocre iPhone 15 - Forbes
2023-05-23,Is Now The Time To Update Your Apple MacBook? - Forbes
2023-05-31,"Leaked iPhone 15, iPhone 15 Pro Dummy Models Reveal Apple’s Biggest Design Changes - Forbes"
2023-06-16,Apple Insider Casts Doubt On Leaked iPhone 15 Pro Color - Forbes
2023-06-18,"Samsung Galaxy Watch 6 Leak Claims New Design, Return Of Favorite Feature - Forbes"
2023-06-27,Apple Insider Reveals Price Cut Plans For iPhone 15 Pro Chipset - Forbes
2023-06-29,"Look Out, AirPods Max: Leak Claims Cheaper Apple Headphones Are Almost Here - Forbes"
2023-07-02,"Apple Insider Dismisses Red iPhone 15, iPhone 15 Pro Launch Models - Forbes"
2023-07-04,"Apple Watch Ultra Stunning Upgrade Leaks, But There’s A Catch - Forbes"
2023-07-07,Apple Vision Pro Headset: New Leak Reveals Design And Release Date Update - Forbes
2023-07-09,Apple Delays New Mac Display Technology - Forbes
2023-07-09,Apple Insider Claims Solid State Volume Buttons Also Missing From iPhone 16 - Forbes
2023-07-10,Apple Insider Claims iPhone 15 Pro Max Price Rise - Forbes
2023-07-19,Surprise iPhone 15 Leak Reveals Next-Gen Battery Tech Upgrade - Forbes
2023-07-22,New Apple Leak Points To Massive Camera Upgrades - Forbes
2023-07-24,Apple’s Plans For The Next MacBook - Forbes
2023-07-26,Leaked iPhone 15 Pro Screen Glass Shows New Record Breaking Bezels - Forbes
2023-07-27,Apple Insider Tips Release Delay For iPhone 15 Range - Forbes
2023-08-01,Apple Watch Ultra 2: New Leak Hints At Jaw-Dropping Design - Forbes
2023-08-01,"Apple Leaks Detail iPhone 15, iPhone 15 Pro Action Button, Major Design Changes - Forbes"
2023-08-04,"Apple Loop: New iPhone Problems Confirmed, Elon Musk’s App Store Miracle, iPhone 15 Disappointment - Forbes"
2023-08-07,New Apple Exclusive Exposes More iPhone 15 Release Details - Forbes
2023-08-10,Apple Watch 2023: Apple To Mandate Speed Update In Design Change - Forbes
2023-08-11,Apple iPhone 15 Pro: New Leaks Suggest Surprise Big Upgrade Coming - Forbes
2023-08-13,"Apple iPhone: Leak Suggests Surprising New Phone, But There’s A Catch - Forbes"
2023-08-15,Apple Insider Details New iPhone 15 Pro A17 Chip - Forbes
2023-08-20,"Apple Loop: Massive iPhone 15 Pro Upgrade, Apple Watch X Surprise, Disturbing iPhone Launch Details - Forbes"
2023-08-22,Apple iPhone 15 Pro: New Leak Reveals Sensational Upgrade - Forbes
2023-08-22,New Leak Claims iPhone 15 Ultra Will Replace iPhone 15 Pro Max - Forbes
2023-08-25,Apple Watch Ultra 2 May Look Like Nomad’s Cool Rugged Watch Case - Forbes
2023-08-25,Exactly When Apple Will Launch iPhone 15 Pro Max: New Date Claimed - Forbes
2023-08-26,"Apple Watch Is A Health Marvel, But Maybe A Health Hazard, Too, Report Claims - Forbes"
2023-08-26,Exactly When Apple Will Release Apple Watch Ultra 2 - Forbes
2023-08-27,"Apple iPad Pro: Radical New Upgrade Coming In 2024, Leak Claims - Forbes"
2023-08-27,"New Report Backs iPhone 15 Pro, iPhone 15 Pro Max Price Rises - Forbes"
2023-09-01,Apple Insider Tips Massive iPhone 15 Pro Max Sales As New iPhone Model Number Leaks - Forbes
2023-09-06,China Reportedly Bans iPhones And Other Foreign Devices Among Government Officials - Forbes
2023-09-07,"iPhone 15, iPhone 15 Pro Release Date: Apple Suddenly Unveils Video Countdown - Forbes"
2023-09-09,"iPhone 15 Pro, Pro Max To Launch With Only 128GB Storage, Despite Price Increase - Forbes"
2023-09-10,"Apple Leak Details All-New iPhone 15, iPhone 15 Pro Price Changes - Forbes"
2023-09-10,Apple Watch Series 9 Release Date: New Leak Claims Cool Upgrades Coming - Forbes
2023-09-12,"Apple Exclusive Leaks All-New iPhone 15, iPhone 15 Pro Upgrades - Forbes"
2023-09-17,Samsung Could Switch To Titanium For Galaxy S24 - Forbes
2023-09-26,Google Pixel 8 Leak Reveals Surprising New Android Upgrade - Forbes
2023-10-04,"Apple iPhone 16, iPhone 16 Pro Design Updates Detailed In New Leak - Forbes"
2023-10-15,Reports Expect MacBook Air Delay - Forbes
2023-10-23,"Apple iPad 2023 Release Date: All-New iPad Air Coming, Report Claims - Forbes"
2023-10-25,New MacBook Pro Leak Reveals Stunning Apple Decision - Forbes
2023-11-03,"Apple Loop: iPhone 16 Pro Leak, Missing iPhone 15 Features, M3 iMac Disappointment - Forbes"
2023-11-03,"Apple iPhone 16 Pro Max Will Bring Remarkable Upgrade, Report Claims - Forbes"
2023-11-20,Your Best Look Yet At The Latest iPhone SE Leaks - Forbes
2023-11-24,"Apple Loop: Disappointing iPhone 16 Leak, Apple’s Modem Fight, The Hidden MacBook Air - Forbes"
2023-11-26,New Industry Report Claims Massive iPhone 16 Pro Upgrade Even More Likely - Forbes
2023-12-03,Apple Is Testing A Major New Input Method For The iPhone 16 - Forbes
2023-12-08,"Apple Loop: Apple’s iPhone 16 Problem, Stunning iPad Leaks, MacBook Air Surprise - Forbes"
2023-12-11,Apple’s Work To Improve iPhone Battery Technology - Forbes
2023-12-11,The New Look Of Samsung’s Galaxy S24 Ultra - Forbes
2023-12-17,MacBook Pro Leak Reveals OLED Upgrade Delay - Forbes
2023-12-19,New iOS 17.3 Leak Reveals Stunning iPhone Feature Coming Soon - Forbes
2023-12-29,"Apple Loop: iPhone 16 Details, MacBook Air Pricing, Apple Vision Pro Plans - Forbes"
2023-12-30,Google Messages Challenge Exposed By Leaked WhatsApp Update - Forbes
